{
    "variables":{
        "capacity":0, 
        "long term utilization":1, 
        "demand rampup":0,
        "analysis start year":0, 
        "operating life":0, 
        "installation months":0, 
        "TOPC":{"unit price":0.0,"decay":0.0,"support utilization":0.0,"sunset years":0}, 
        "commodity": {"initial price":2.0,"name":"-","unit":"-","escalation":0.0},
        "annual operating incentive":{"value":0.0,"decay":0.0,"sunset years":0}, 
        "incidental revenue":{"value":0.0,"escalation":0.0}, 
        "credit card fees":0.0, 
        "sales tax":0.0, 
        "road tax":{"value":0.0,"escalation":0.0}, 
        "labor":{"value":0.0,"rate":0.0,"escalation":0.0}, 
        "maintenance":{"value":0.0,"escalation":0.0}, 
        "rent":{"value":0.0,"escalation":0.0}, 
        "license and permit":{"value":0.0,"escalation":0.0}, 
        "non depr assets":0.0, 
        "end of proj sale non depr assets":0.0, 
        "installation cost":{"value":0.0,"depr type":"Straight line","depr period":3,"depreciable":true}, 
        "one time cap inct":{"value":0.0,"depr type":"MACRS","depr period":3,"depreciable":true}, 
        "property tax and insurance percent":0.0, 
        "admin expense percent":0.0, 
        "tax loss carry forward years":0, 
        "capital gains tax rate":0.0, 
        "tax losses monetized":true, 
        "sell undepreciated cap":true, 
        "loan period if used":0, 
        "debt equity ratio of initial financing":0.0, 
        "debt interest rate":0.0,
        "debt type":"Revolving debt", 
        "operating incentives taxable":true, 
        "total income tax rate":0.0, 
        "cash onhand percent":0.0, 
        "general inflation rate":0.0, 
        "leverage after tax nominal discount rate":0.0 
    }
}