{
    "description":"Natural gas is fed into the steam methane reformer (SMR) plant via a pipeline at 450 psia. The gas is desulfurized, and mixed with steam at 395°C. The reformer reactor is fed with an overall steam to carbon (H₂O/C) ratio of 2.56. The endothermic steam methane reforming reaction is performed on the cold side of a tube-shell heat exchanger and heat is supplied on the hot side of the heat exchanger by combustion of pressure swing adsorber (PSA) effluent and supplemental natural gas. Product syngas exits the reactor at 870°C and is cooled to 204°C before entering a shift reactor. In the shift reactor, carbon monoxide from the syngas reacts with steam to produce more hydrogen and carbon dioxide. Product hydrogen rich product is further purified through a PSA system resulting in pure hydrogen at 346 psia.",
    "variables":{
        "capacity":483024, 
        "long term utilization":0.90, 
        "demand rampup":0,
        "analysis start year":2012, 
        "operating life":40, 
        "installation months":36, 
        "TOPC":{"unit price":0,"decay":0.05084,"support utilization":0.6787,"sunset years":3}, 
        "commodity": {"initial price":0.94,"name":"Hydrogen","unit":"kg","escalation":0.0},
        "annual operating incentive":{"value":0,"decay":0.034906267,"sunset years":6}, 
        "incidental revenue":{"value":0,"escalation":0.025771}, 
        "credit card fees":0, 
        "sales tax":0, 
        "road tax":{"value":0,"escalation":0.0261}, 
        "labor":{"value":0,"rate":40,"escalation":0.0}, 
        "maintenance":{"value":0,"escalation":0.019}, 
        "rent":{"value":0,"escalation":0.001743845}, 
        "license and permit":{"value":0,"escalation":0.010526704}, 
        "non depr assets":0, 
        "end of proj sale non depr assets":0, 
        "installation cost":{"value":0,"depr type":"Straight line","depr period":4,"depreciable":false}, 
        "one time cap inct":{"value":0,"depr type":"MACRS","depr period":5,"depreciable":true}, 
        "property tax and insurance percent":0.00, 
        "admin expense percent":0, 
        "tax loss carry forward years":0, 
        "capital gains tax rate":0.15, 
        "tax losses monetized":true, 
        "sell undepreciated cap":true, 
        "loan period if used":0, 
        "debt equity ratio of initial financing":1.5, 
        "debt interest rate":0.037,
        "debt type":"Revolving debt", 
        "operating incentives taxable":false, 
        "total income tax rate":0.2574, 
        "cash onhand percent":1, 
        "general inflation rate":0.0, 
        "leverage after tax nominal discount rate":0.08 
    },
    "feedstock":[
        {
            "name":"Electricity (industrial)",
            "usage": 0.131173606280433,
            "unit":"kWh",
            "cost": "US Average",
            "escalation":0
        },
        {
            "name":"Natural Gas (industrial)",
            "usage": 0.155797012397472,
            "unit":"mmBTU",
            "cost": "US Average",
            "escalation":0.0
        },
        {
            "name":"Water",
            "usage": 4.34363509887707000000,
            "unit":"gal",
            "cost": "US Average",
            "escalation":0.0
        },
        {
            "name":"Var OpEX",
            "usage":1,
            "unit":"units",
            "cost": 0.03009982300331680,
            "escalation":0.0
        }
    ],
    "fixed cost":[
        {
            "name":"Annualized replacements",
            "usage":1,
            "unit":"$",
            "cost": 1560157.889020740,
            "escalation":0.0
        },
        {
            "name":"fixed op ex",
            "usage":1,
            "unit":"$",
            "cost": 12248388.9384962,
            "escalation":0.0
        }
    ],
    "capital item":[
        {
            "name":"Installed Capital",
            "cost": 317960177.7824270,
            "depr type":"MACRS",
            "depr period":20,
            "refurb":[0]
        }
    ]
}