{
    "description":"The modeled system is a standalone grid powered solid oxide electrolyzer (SOEC) with a total hydrogen production capacity of 50,000 kg/day. The process is based on a generic system using input from several key industry collaborators with commercial experience in SOEC system and subsystem technoeconomic modelling. Users can model nuclear-SOEC by changing the electricity price (cell G25) to a cost of nuclear-derived electricity and also modify the cost of thermal heat (cell G29) to that of heat derived from a high-temperature gas-cooled reactor*. * SOECs split water into hydrogen at elevated temperature, which weakens the bonds between hydrogen and oxygen and results in lower electricity requirements for water splitting. In order to achieve high temperatures, heat can be supplied through various means – e.g. burning of natural gas, resistive electric heating, or through the use of high quality nuclear reactor derived heat.",
    "variables":{
        "capacity":50000, 
        "long term utilization":0.8244, 
        "demand rampup":0,
        "analysis start year":2012, 
        "operating life":40, 
        "installation months":36, 
        "TOPC":{"unit price":0,"decay":0.05084,"support utilization":0.6787,"sunset years":3}, 
        "commodity": {"initial price":4.42,"name":"Hydrogen","unit":"kg","escalation":0.0},
        "annual operating incentive":{"value":0,"decay":0.034906267,"sunset years":6}, 
        "incidental revenue":{"value":0,"escalation":0.025771}, 
        "credit card fees":0, 
        "sales tax":0, 
        "road tax":{"value":0,"escalation":0.0261}, 
        "labor":{"value":0,"rate":40,"escalation":0.0}, 
        "maintenance":{"value":0,"escalation":0.019}, 
        "rent":{"value":0,"escalation":0.001743845}, 
        "license and permit":{"value":0,"escalation":0.010526704}, 
        "non depr assets":0, 
        "end of proj sale non depr assets":0, 
        "installation cost":{"value":0,"depr type":"Straight line","depr period":4,"depreciable":false}, 
        "one time cap inct":{"value":0,"depr type":"MACRS","depr period":5,"depreciable":true}, 
        "property tax and insurance percent":0.00, 
        "admin expense percent":0, 
        "tax loss carry forward years":0, 
        "capital gains tax rate":0.15, 
        "tax losses monetized":true, 
        "sell undepreciated cap":true, 
        "loan period if used":0, 
        "debt equity ratio of initial financing":1.5, 
        "debt interest rate":0.037,
        "debt type":"Revolving debt", 
        "operating incentives taxable":false, 
        "total income tax rate":0.2574, 
        "cash onhand percent":1, 
        "general inflation rate":0.0, 
        "leverage after tax nominal discount rate":0.08 
    },
    "feedstock":[
        {
            "name":"Electricity (industrial)",
            "usage":36.8,
            "unit":"kWh",
            "cost": "US Average",
            "escalation":0
        },
        {
            "name":"Natural Gas (industrial)",
            "usage":0.05613,
            "unit":"mmBTU",
            "cost": "US Average",
            "escalation":0.0
        },
        {
            "name":"Water",
            "usage":2.378,
            "unit":"gal",
            "cost": "US Average",
            "escalation":0.0
        },
        {
            "name":"Var OpEX",
            "usage":1,
            "unit":"units",
            "cost": 0.0900100127992611,
            "escalation":0.0
        }
    ],
    "fixed cost":[
        {
            "name":"Annualized replacements",
            "usage":1,
            "unit":"$",
            "cost": 9733921.376991140,
            "escalation":0.0
        },
        {
            "name":"fixed op ex",
            "usage":1,
            "unit":"$",
            "cost": 5588371.38656853000000,
            "escalation":0.0
        }
    ],
    "capital item":[
        {
            "name":"Installed Capital",
            "cost": 111328529.9987110,
            "depr type":"MACRS",
            "depr period":20,
            "refurb":[0]
        }
    ]
}