{
    "variables":{
        "capacity":2840.21977, 
        "long term utilization":0.70849, 
        "demand rampup":5.6543,
        "analysis start year":2020, 
        "operating life":16, 
        "installation months":37, 
        "TOPC":{"unit price":0.822668382,"decay":0.05084,"support utilization":0.6787,"sunset years":3}, 
        "commodity": {"initial price":20.1234,"name":"Hydrogen","unit":"kg","escalation":0.02618},
        "annual operating incentive":{"value":163673.7733,"decay":0.034906267,"sunset years":6}, 
        "incidental revenue":{"value":6951.098006,"escalation":0.025771}, 
        "credit card fees":0.024271134, 
        "sales tax":0.024207775, 
        "road tax":{"value":0.753892586,"escalation":0.0261}, 
        "labor":{"value":2956.583883,"rate":17.71964046,"escalation":0.0387}, 
        "maintenance":{"value":172507.0742,"escalation":0.013868566}, 
        "rent":{"value":19470.00933,"escalation":0.001743845}, 
        "license and permit":{"value":399.1349058,"escalation":0.010526704}, 
        "non depr assets":632845.8409, 
        "end of proj sale non depr assets":989250.8911, 
        "installation cost":{"value":1632845.8409,"depr type":"Straight line","depr period":4,"depreciable":false}, 
        "one time cap inct":{"value":2119203.192,"depr type":"MACRS","depr period":5,"depreciable":true}, 
        "property tax and insurance percent":0.048568935, 
        "admin expense percent":0.003785587, 
        "tax loss carry forward years":7, 
        "capital gains tax rate":0.118755993, 
        "tax losses monetized":true, 
        "sell undepreciated cap":true, 
        "loan period if used":15, 
        "debt equity ratio of initial financing":0.919458823, 
        "debt interest rate":0.082953591,
        "debt type":"Revolving debt", 
        "operating incentives taxable":true, 
        "total income tax rate":0.33874403, 
        "cash onhand percent":0.823394427, 
        "general inflation rate":0.01782, 
        "leverage after tax nominal discount rate":0.109284877 
    }
}